CollectionTime,7/3/2024 2:08:12 PM
ExposureUsed,3
CalibratedSpectrum
-962.7078968117929,472
-959.9714848408522,477
-957.2358232597828,501
-954.5009119013725,505
-951.7667505983302,492
-949.0333391832855,540
-946.3006774887896,506
-943.5687653473143,505
-940.837602591253,519
-938.1071890529199,507
-935.3775245645503,508
-932.6486089583007,548
-929.9204420662485,509
-927.1930237203925,530
-924.4663537526524,497
-921.7404319948689,505
-919.0152582788041,549
-916.2908324361409,598
-913.5671542984834,572
-910.8442236973568,532
-908.1220404642074,497
-905.4006044304027,510
-902.679915427231,479
-899.959973285902,500
-897.2407778375464,494
-894.5223289132158,572
-891.8046263438832,559
-889.0876699604426,486
-886.3714595937089,495
-883.6559950744183,505
-880.9412762332282,489
-878.2273029007168,482
-875.5140749073835,473
-872.8015920836489,514
-870.0898542598545,544
-867.3788612662631,504
-864.6686129330585,507
-861.9591090903457,525
-859.2503495681506,514
-856.5423341964203,500
-853.8350628050229,474
-851.1285352237478,481
-848.4227512823054,469
-845.7177108103272,506
-843.0134136373656,514
-840.3098595928943,545
-837.6070485063082,575
-834.9049802069229,603
-832.2036545239757,549
-829.5030712866244,493
-826.8032303239481,504
-824.1041314649472,495
-821.4057745385428,495
-818.7081593735775,499
-816.0112857988148,504
-813.3151536429393,520
-810.6197627345566,519
-807.9251129021936,512
-805.2312039742981,516
-802.5380357792392,502
-799.8456081453069,540
-797.1539209007124,541
-794.462973873588,547
-791.772766891987,542
-789.083299783884,540
-786.3945723771743,541
-783.7065844996748,492
-781.0193359791231,511
-778.3328266431781,511
-775.6470563194197,483
-772.9620248353489,539
-770.2777320183878,536
-767.5941776958798,538
-764.9113616950891,539
-762.2292838432011,520
-759.5479439673222,520
-756.8673418944801,489
-754.1874774516235,520
-751.5083504656222,557
-748.8299607632671,532
-746.15230817127,536
-743.475392516264,548
-740.7992136248035,583
-738.1237713233636,577
-735.4490654383407,561
-732.7750957960521,576
-730.1018622227365,535
-727.4293645445534,566
-724.7576025875837,512
-722.0865761778291,533
-719.4162851412126,574
-716.7467293035781,564
-714.0779084906909,540
-711.409822528237,528
-708.7424712418238,565
-706.0758544569796,567
-703.4099719991541,560
-700.7448236937178,593
-698.0804093659622,600
-695.4167288411002,590
-692.7537819442656,568
-690.0915685005134,525
-687.4300883348199,529
-684.7693412720819,564
-682.1093271371178,554
-679.4500457546669,551
-676.7914969493897,558
-674.1336805458676,558
-671.4765963686034,555
-668.8202442420206,568
-666.1646239904642,549
-663.5097354382001,559
-660.8555784094151,552
-658.2021527282176,553
-655.5494582186366,550
-652.8974947046223,575
-650.2462620100463,592
-647.5957599587009,562
-644.9459883742998,583
-642.2969470804776,600
-639.6486359007902,573
-637.0010546587141,601
-634.3542031776476,572
-631.7080812809096,579
-629.0626887917401,605
-626.4180255333008,602
-623.7740913286734,586
-621.1308860008619,619
-618.4884093727904,606
-615.8466612673046,629
-613.2056415071715,627
-610.5653499150785,641
-607.9257863136347,611
-605.28695052537,653
-602.6488423727357,639
-600.0114616781036,633
-597.3748082637674,615
-594.7388819519412,623
-592.1036825647604,651
-589.4692099242818,708
-586.8354638524829,694
-584.2024441712624,629
-581.5701507024403,683
-578.9385832677575,735
-576.3077416888759,661
-573.6776257873787,679
-571.0482353847704,630
-568.4195703024757,650
-565.7916303618415,636
-563.164415384135,669
-560.5379251905453,639
-557.9121596021815,668
-555.2871184400748,610
-552.6628015251767,619
-550.0392086783606,647
-547.4163397204204,628
-544.794194472071,691
-542.1727727539491,663
-539.5520743866118,675
-536.9320991905377,746
-534.3128469861261,751
-531.6943175936979,731
-529.0765108334947,797
-526.4594265256793,821
-523.8430644903358,905
-521.2274245474689,1050
-518.612506517005,1116
-515.9983102187913,1122
-513.3848354725959,1257
-510.77208209810846,1460
-508.16004991493924,1613
-505.5487387426199,1815
-502.9381484006032,1737
-500.3282787082628,1672
-497.71912948489364,1470
-495.1107005497117,1177
-492.5029917218539,1038
-489.8960028203786,941
-487.28973366426493,887
-484.68418407241325,849
-482.07935386364494,804
-479.47524285670266,745
-476.87185087025,793
-474.2691777228715,891
-471.66722323307334,944
-469.0659872192821,833
-466.4654694998459,822
-463.86566989303384,774
-461.26658821703614,824
-458.66822428996414,810
-456.07057792985,850
-453.4736489546475,784
-450.877437182231,819
-448.28194243039627,785
-445.68716451686,791
-443.09310325926003,814
-440.49975847515555,767
-437.9071299820263,801
-435.31521759727354,827
-432.72402113821954,807
-430.13354042210767,883
-427.5437752661022,895
-424.95472548728867,858
-422.36639090267386,853
-419.7787713291855,943
-417.1918665836721,902
-414.60567648290385,900
-412.0202008435715,846
-409.4354394822874,817
-406.8513922155845,847
-404.26805885991723,877
-401.685439231661,915
-399.103533147112,897
-396.522340422488,867
-393.9418608739278,830
-391.3620943174908,883
-388.7830405691583,873
-386.2046994448317,852
-383.6270707603344,824
-381.05015433141045,771
-378.473949973725,725
-375.8984575028645,701
-373.32367673433623,714
-370.74960748356875,810
-368.1762495659117,774
-365.60360279663576,642
-363.03166699093265,643
-360.4604419639154,672
-357.8899275306178,641
-355.32012350599507,620
-352.7510297049233,602
-350.1826459421999,589
-347.61497203254316,574
-345.04800779059235,607
-342.4817530309082,677
-339.91620756797226,618
-337.35137121618743,537
-334.7872437898774,540
-332.22382510328725,636
-329.66111497058273,617
-327.09911320585127,580
-324.53781962310075,623
-321.9772340362607,643
-319.4173562591816,591
-316.8581861056348,592
-314.2997233893127,559
-311.7419679238294,567
-309.1849195227194,557
-306.62857799943856,553
-304.0729431673641,537
-301.51801483979375,571
-298.963792829947,685
-296.41027695096386,678
-293.85746701590574,628
-291.3053628377552,677
-288.7539642294155,750
-286.2032710037115,708
-283.65328297338897,599
-281.1039999511146,634
-278.5554217494762,723
-276.007548180983,676
-273.4603790580651,800
-270.9139141930734,961
-268.3681533982807,837
-265.8230964858798,703
-263.27874326798565,705
-260.7350935566336,854
-258.1921471637804,862
-255.6499039013039,930
-253.10836358100266,875
-250.56752601459698,775
-248.02739101372765,858
-245.48795838995704,909
-242.94922795476816,675
-240.41119951956557,644
-237.8738728956746,700
-235.33724789434166,726
-232.80132432673452,739
-230.2661020039418,768
-227.73158073697357,763
-225.19776033676033,795
-222.66464061415422,781
-220.1322213799284,770
-217.60050244477725,714
-215.06948361931552,741
-212.53916471408013,911
-210.00954553952818,1006
-207.48062590603843,914
-204.9524056239104,979
-202.4248845033651,1108
-199.8980623545441,1009
-197.37193898751036,869
-194.84651421224817,801
-192.32178783866232,882
-189.79775967657952,947
-187.27442953574644,974
-184.7517972258321,989
-182.2298625564256,966
-179.7086253370378,905
-177.18808537710026,952
-174.66824248596583,1151
-172.14909647290835,1114
-169.6306471471229,1036
-167.11289431772548,973
-164.59583779375328,1001
-162.07947738416453,1070
-159.5638128978386,1141
-157.04884414357605,1384
-154.53457093009854,1327
-152.02099306604828,1198
-149.50811035998936,1043
-146.99592262040665,1089
-144.48442965570587,1145
-141.97363127421409,1381
-139.46352728417958,1615
-136.95411749377126,1655
-134.44540171107985,1491
-131.93737974411636,1258
-129.43005140081357,1359
-126.92341648902493,1756
-124.41747481652521,2035
-121.91222619101006,2352
-119.40767042009657,3134
-116.90380731132257,3625
-114.40063667214702,3241
-111.8981583099503,2451
-109.3963720320337,1723
-106.89527764561933,1970
-104.39487495785067,2423
-101.89516377579241,3516
-99.39614390642998,3292
-96.89781515667039,2590
-94.40017733334128,2632
-91.90323024319173,4671
-89.40697369289148,7878
-86.91140748903172,9454
-84.41653143812482,9406
-81.92234534660395,6821
-79.42884902082358,5419
-76.93604226705907,9402
-74.4439248915071,14463
-71.95249670028534,17276
-69.46175749943245,19597
-66.97170709490854,17835
-64.48234529259423,15987
-61.99367189829195,13672
-59.50568671772464,14112
-57.01838955653636,17124
-54.53178022029283,19131
-52.045858514480074,19451
-49.560624244506016,22658
-47.07607721569923,23587
-44.59221723330904,21334
-42.10904410250669,23006
-39.62655762838392,24784
-37.14475761595372,22629
-34.66364387015028,20719
-32.18321619582866,24022
-29.70347439776515,26403
-27.224418280657005,26663
-24.74604764912317,26826
-22.26836230770266,32921
-19.7913620608565,58542
-17.315046712966478,65041
-14.83941606833514,65041
-12.36446993118659,65041
-9.89020810566592,65041
-7.416630395839093,65041
-4.94373660569363,65041
-2.471526539137585,65041
-6.821210263296962E-13,65041
2.47084320796705,65041
4.941003281093458,65041
7.410480415786196,65041
9.879274808531363,65041
12.347386655893956,65041
14.814816154518212,65041
17.28156350112681,65041
19.74762889252179,65041
22.21301252558385,65041
24.67771459727237,22213
27.141735304626195,5121
29.605074844762612,3650
32.06773341487792,2527
34.52971121224755,2664
36.99100843422559,3101
39.45162527824516,2570
41.91156194181792,2328
44.370818622535126,1988
46.82939551806646,2192
49.287292826160524,2746
51.74451074464503,3080
54.201049471426245,3337
56.65690920448981,3605
59.112090141899785,3635
61.56659248179983,2852
64.02041642241159,2371
66.4735621620365,1895
68.92602989905402,1806
71.37781983192338,1650
73.82893215918205,1593
76.27936707944684,1461
78.72912479141326,1904
81.17820549385567,2200
83.62660938562783,1843
86.07433666566146,2119
88.5213875329681,2347
90.96776218663751,2280
93.41346082583925,1750
95.85848364982041,1592
98.30283085790859,1661
100.7465026495089,1466
103.18949922410604,1484
105.63182078126385,1786
108.07346752062438,2465
110.51443964190923,2309
112.95473734491827,1710
115.39436082953114,1949
117.83331029570547,1725
120.27158594347827,1691
122.7091879729652,1720
125.1461165843615,1612
127.58237197794062,1307
130.01795435405518,1263
132.4528639131364,1200
134.88710085569494,1079
137.32066538231982,1023
139.75355769367923,1016
142.1857779905207,1004
144.61732647366978,1010
147.04820334403132,1046
149.47840880258934,1119
151.90794305040674,1165
154.33680628862487,1482
156.76499871846443,1540
159.19252054122433,1554
161.61937195828352,1638
164.04555317109896,1712
166.47106438120693,1887
168.89590579022217,2046
171.320077599839,2045
173.7435800118302,2030
176.16641322804742,1897
178.58857745042144,1895
181.01007288096173,1962
183.43089972175687,2024
185.85105817497413,2051
188.27054844285988,2089
190.6893707277394,2132
193.10752523201643,2205
195.5250121581745,2186
197.9418317087751,2127
200.3579840864594,2066
202.7734694939469,2178
205.18828813403627,2204
207.6024402096051,2282
210.01592592360964,2556
212.42874547908548,2576
214.84089907914665,2571
217.2523869269868,2543
219.66320922587727,2626
222.0733661791695,2427
224.48285799029293,2457
226.8916848627572,2304
229.29984700014882,2247
231.7073446061355,2366
234.11417788446204,2345
236.520347038953,2284
238.92585227351185,2283
241.33069379212054,2141
243.73487179884035,2296
246.1383864978112,2316
248.541238093252,2250
250.9434267894609,2247
253.34495279081432,2306
255.74581630176783,2352
258.1460175268563,2205
260.54555667069314,2218
262.9444339379703,2187
265.3426495334594,2258
267.7402036620107,2313
270.1370965285529,2438
272.53332833809407,2463
274.9288992957214,2262
277.32380960660055,2199
279.718059475976,2185
282.1116491091717,2356
284.5045787115897,2291
286.89684848871195,2288
289.2884586460981,2342
291.67940938938807,2421
294.0697009242996,2334
296.4593334566299,2360
298.84830719225477,2274
301.23662233712923,2363
303.6242790972866,2350
306.01127767884,2265
308.39761828798066,2195
310.78330113097934,2264
313.16832641418534,2102
315.5526943440269,2122
317.9364051270112,2156
320.3194589697242,2234
322.70185607883093,2195
325.0835966610754,2141
327.4646809232805,2087
329.8451090723478,2170
332.2248813152577,2197
334.6039978590701,2043
336.9824589109231,2024
339.36026467803447,2035
341.7374153677,1963
344.113911187295,2003
346.48975234427337,1949
348.8649390461686,1924
351.2394715005918,1972
353.61334991523415,2033
355.9865744978655,2039
358.35914545633375,1969
360.73106299856715,1937
363.10232733257146,1928
365.47293866643247,1939
367.84289720831396,1944
370.2122031664593,2014
372.5808567491905,2005
374.9488581649083,1957
377.31620762209275,1826
379.6829053293021,1840
382.0489514951745,1829
384.4143463284262,1898
386.7790900378528,1877
389.14318283232853,1851
391.50662492080653,1785
393.86941651231916,1824
396.23155781597745,1870
398.5930490409713,1856
400.9538903965696,1902
403.3140820921202,1937
405.6736243370498,1889
408.03251734086336,1937
410.3907613131465,1868
412.74835646356166,1835
415.10530300185144,1749
417.4616011378372,1757
419.81725108141893,1763
422.1722530425758,1754
424.5266072313656,1827
426.880313857925,1801
429.2333731324701,1805
431.58578526529516,1794
433.9375504667738,1705
436.2886689473588,1754
438.63914091758113,1735
440.9889665880513,1711
443.33814616945835,1686
445.68667987257015,1625
448.03456790823395,1694
450.3818104873759,1774
452.72840782100013,1711
455.07436012019105,1737
457.41966759611057,1703
459.7643304600007,1733
462.10834892318155,1757
464.4517231970525,1768
466.79445349309174,1770
469.1365400228566,1714
471.4779829979826,1704
473.81878263018564,1724
476.15893913125876,1735
478.4984527130747,1778
480.8373235875855,1842
483.17555196682144,1803
485.5131380628919,1866
487.8500820879857,1982
490.1863842543697,1997
492.52204477439034,2055
494.8570638604725,2211
497.1914417251204,2502
499.52517858091653,2802
501.85827464052306,3509
504.19073011668036,3997
506.5225452222086,4452
508.85372017000566,4508
511.18425517304956,4447
513.514150444396,4376
515.8434061971808,4660
518.1720226446176,5174
520.4999999999999,5040
522.8273384766991,4579
525.1540382881666,4162
527.480099647932,3581
529.8055227696037,3020
532.1303078668694,2430
534.454455153496,2060
536.777964843328,2006
539.1008371502907,1864
541.4230722883866,1825
543.744670471698,1834
546.0656319143858,1815
548.3859568306899,1748
550.7056454349294,1798
553.0246979415016,1803
555.3431145648834,1775
557.6608955196306,1718
559.978041020377,1677
562.2945512818363,1702
564.6104265188006,1795
566.9256669461412,1763
569.2402727788082,1756
571.5542442318302,1760
573.8675815203156,1743
576.1802848594508,1742
578.4923544645015,1890
580.8037905508126,1883
583.114593333807,1801
585.4247630289875,1816
587.7342998519354,1847
590.0432040183106,1788
592.3514757438526,1815
594.6591152443794,1860
596.9661227357875,1831
599.2724984340531,1791
601.578242555231,1795
603.8833553154542,1761
606.1878369309362,1806
608.4916876179676,1711
610.7949075929192,1736
613.0974970722403,1701
615.3994562724587,1718
617.7007854101818,1751
620.0014847020951,1871
622.3015543649641,1691
624.6009946156324,1829
626.8998056710224,1786
629.1979877481361,1814
631.4955410640538,1780
633.7924658359349,1725
636.0887622810175,1757
638.3844306166192,1760
640.6794710601358,1853
642.9738838290426,1799
645.2676691408932,1813
647.5608272133207,1799
649.853358264037,1893
652.1452625108324,1869
654.4365401715764,1812
656.7271914642178,1898
659.0172166067838,1847
661.3066158173809,1812
663.5953893141935,1858
665.8835373154867,1782
668.1710600396028,1785
670.4579577049639,1854
672.7442305300709,1817
675.0298787335033,1795
677.3149025339197,1789
679.599302150058,1768
681.8830778007342,1808
684.1662297048437,1757
686.4487580813608,1789
688.7306631493387,1882
691.0119451279091,1854
693.2926042362834,1872
695.5726406937516,1859
697.8520547196814,1846
700.1308465335215,1852
702.4090163547982,1788
704.6865644031171,1801
706.9634908981619,1759
709.2397960596965,1851
711.5154801075631,1751
713.7905432616823,1781
716.0649857420548,1762
718.3388077687592,1841
720.612009561953,1854
722.8845913418733,1819
725.1565533288352,1830
727.427895743234,1763
729.6986188055427,1775
731.9687227363137,1790
734.238207756178,1837
736.5070740858458,1849
738.7753219461066,1814
741.0429515578281,1906
743.3099631419569,1899
745.5763569195191,1872
747.8421331116193,1786
750.1072919394409,1798
752.3718336242467,1874
754.6357583873777,1763
756.8990664502545,1817
759.1617580343765,1800
761.423833361321,1770
763.6852926527457,1867
765.9461361303862,1887
768.206364016058,1938
770.4659765316536,1929
772.7249738991469,1926
774.9833563405886,1796
777.2411240781092,1846
779.4982773339183,1832
781.7548163303044,1821
784.010741289634,1801
786.2660524343538,1980
788.5207499869881,1854
790.7748341701416,1957
793.0283052064964,1840
795.2811633188143,1857
797.5334087299362,1926
799.7850416627813,1910
802.0360623403484,1943
804.2864709857143,1841
806.5362678220353,1905
808.7854530725468,1851
811.0340269605625,1893
813.2819897094754,1841
815.5293415427581,1900
817.77608268396,1863
820.0222133567116,1896
822.2677337847211,1895
824.5126441917765,1925
826.7569448017433,1885
829.0006358385675,1866
831.2437175262731,1799
833.4861900889629,1782
835.7280537508192,1763
837.9693087361026,1806
840.2099552691533,1901
842.4499935743896,1766
844.689423876309,1781
846.9282463994886,1877
849.1664613685833,1930
851.4040690083276,1844
853.6410695435349,1824
855.877463199097,1764
858.1132501999847,1813
860.3484307712487,1813
862.5830051380175,1856
864.8169735254988,1805
867.0503361589791,1828
869.2830932638243,1823
871.5152450654786,1852
873.7467917894654,1838
875.9777336613873,1878
878.2080709069252,1773
880.4378037518389,1884
882.666932421968,1887
884.8954571432301,1854
887.1233781416219,1870
889.3506956432192,1780
891.5774098741766,1847
893.803521060728,1934
896.0290294291852,1884
898.2539352059397,1844
900.4782386174619,1815
902.7019398903011,1863
904.925039251085,1823
907.147536926521,1887
909.3694331433943,1843
911.59072812857,1866
913.8114221089921,1932
916.0315153116827,1854
918.2510079637437,1901
920.4699002923547,1868
922.6881925247761,1788
924.905884888345,1801
927.1229776104793,1832
929.3394709186747,1841
931.555365040506,1737
933.7706602036275,1817
935.9853566357709,1809
938.1994545647489,1800
940.4129542184515,1771
942.6258558248488,1822
944.8381596119883,1852
947.0498658079974,1826
949.2609746410825,1771
951.4714863395287,1864
953.6814011316998,1802
955.8907192460387,1809
958.0994409110671,1830
960.3075663553858,1817
962.5150958076741,1728
964.7220294966913,1828
966.928367651274,1698
969.1341105003388,1714
971.3392582728806,1742
973.5438111979742,1709
975.747769504772,1686
977.9511334225061,1805
980.153903180487,1664
982.3560790081052,1715
984.5576611348289,1704
986.7586497902058,1697
988.9590452038618,1661
991.158847605503,1680
993.3580572249133,1643
995.5566742919558,1695
997.7546990365728,1612
999.952131688785,1621
1002.1489724786926,1540
1004.3452216364743,1581
1006.5408793923874,1515
1008.7359459767691,1438
1010.9304216200343,1500
1013.1243065526781,1496
1015.3176010052733,1515
1017.510305208472,1481
1019.7024193930064,1441
1021.8939437896848,1417
1024.0848786293977,1480
1026.2752241431122,1414
1028.4649805618747,1458
1030.6541481168115,1448
1032.842727039127,1435
1035.0307175601051,1478
1037.2181199111074,1405
1039.4049343235752,1383
1041.591161029029,1379
1043.7768002590683,1397
1045.9618522453698,1292
1048.1463172196918,1434
1050.3301954138697,1442
1052.513487059818,1354
1054.69619238953,1367
1056.8783116350783,1353
1059.0598450286152,1382
1061.2407928023704,1347
1063.4211551886528,1385
1065.6009324198508,1396
1067.780124728432,1363
1069.9587323469414,1387
1072.1367555080046,1323
1074.314194444325,1348
1076.4910493886855,1396
1078.667320573947,1434
1080.843008233051,1370
1083.0181125990161,1366
1085.1926339049414,1298
1087.3665723840027,1348
1089.5399282694575,1346
1091.7127017946405,1376
1093.8848931929647,1333
1096.0565026979243,1341
1098.2275305430899,1385
1100.3979769621128,1379
1102.567842188722,1284
1104.737126456726,1326
1106.9058300000124,1304
1109.0739530525475,1309
1111.2414958483764,1309
1113.4084586216231,1317
1115.5748416064907,1289
1117.7406450372605,1340
1119.9058691482942,1300
1122.0705141740304,1287
1124.2345803489884,1289
1126.3980679077658,1255
1128.5609770850388,1284
1130.7233081155623,1292
1132.8850612341707,1318
1135.0462366757774,1309
1137.2068346753745,1301
1139.3668554680326,1359
1141.526299288901,1334
1143.68516637321,1292
1145.8434569562655,1269
1148.001171273455,1210
1150.158309560244,1227
1152.3148720521767,1286
1154.470858984876,1255
1156.626270594044,1249
1158.7811071154629,1245
1160.9353687849912,1302
1163.089055838569,1274
1165.242168512213,1257
1167.3947070420209,1253
1169.5466716641677,1231
1171.6980626149075,1240
1173.8488801305748,1225
1175.9991244475814,1211
1178.1487958024186,1251
1180.2978944316555,1285
1182.4464205719428,1212
1184.5943744600072,1329
1186.7417563326567,1286
1188.8885664267755,1245
1191.0348049793297,1234
1193.1804722273619,1237
1195.325568407995,1239
1197.4700937584303,1234
1199.614048515948,1277
1201.7574329179074,1261
1203.900247201746,1266
1206.042491604982,1259
1208.1841663652099,1345
1210.3252717201053,1210
1212.465807907422,1287
1214.6057751649923,1255
1216.7451737307279,1240
1218.8840038426192,1246
1221.0222657387353,1258
1223.1599596572241,1257
1225.2970858363137,1284
1227.4336445143094,1231
1229.5696359295966,1292
1231.705060320639,1216
1233.8399179259786,1297
1235.9742089842384,1247
1238.107933734118,1240
1240.2410924143974,1265
1242.373685263935,1260
1244.5057125216676,1247
1246.6371744266116,1237
1248.7680712178621,1304
1250.898403134593,1263
1253.028170416058,1301
1255.1573733015875,1252
1257.2860120305932,1209
1259.4140868425648,1205
1261.54159797707,1194
1263.6685456737569,1237
1265.7949301723515,1223
1267.9207517126597,1243
1270.046010534565,1256
1272.1707068780306,1247
1274.2948409830983,1282
1276.4184130898889,1245
1278.541423438603,1241
1280.6638722695184,1191
1282.785759822993,1268
1284.9070863394636,1274
1287.0278520594447,1283
1289.1480572235314,1216
1291.2677020723963,1278
1293.3867868467923,1326
1295.5053117875495,1287
1297.623277135579,1276
1299.740683131868,1280
1301.8575300174857,1275
1303.973818033578,1203
1306.0895474213703,1286
1308.2047184221678,1282
1310.3193312773528,1314
1312.4333862283888,1253
1314.5468835168163,1290
1316.659823384255,1273
1318.7722060724045,1248
1320.8840318230418,1243
1322.9953008780249,1273
1325.1060134792888,1288
1327.2161698688478,1260
1329.3257702887959,1211
1331.4348149813054,1248
1333.5433041886276,1277
1335.6512381530933,1255
1337.7586171171101,1247
1339.8654413231675,1272
1341.9717110138317,1278
1344.0774264317488,1295
1346.1825878196432,1272
1348.2871954203192,1359
1350.3912494766587,1270
1352.4947502316231,1212
1354.5976979282532,1304
1356.7000928096686,1287
1358.8019351190665,1243
1360.9032250997243,1280
1363.0039629949988,1243
1365.1041490483235,1289
1367.2037835032133,1255
1369.3028666032606,1239
1371.401398592137,1260
1373.4993797135926,1300
1375.5968102114575,1265
1377.6936903296396,1242
1379.7900203121262,1262
1381.8858004029835,1321
1383.9810308463561,1317
1386.075711886469,1283
1388.1698437676241,1262
1390.2634267342032,1339
1392.356461030667,1218
1394.4489469015557,1298
1396.5408845914872,1308
1398.6322743451592,1302
1400.7231164073469,1262
1402.813411022907,1285
1404.903158436773,1299
1406.9923588939578,1325
1409.0810126395531,1367
1411.1691199187303,1351
1413.2566809767386,1268
1415.343696058907,1250
1417.4301654106425,1279
1419.5160892774315,1333
1421.6014679048399,1331
1423.6863015385125,1334
1425.7705904241707,1318
1427.8543348076178,1297
1429.9375349347342,1342
1432.0201910514802,1240
1434.102303403894,1317
1436.1838722380944,1290
1438.2648978002767,1381
1440.3453803367174,1317
1442.4253200937692,1285
1444.5047173178677,1314
1446.5835722555234,1334
1448.6618851533285,1321
1450.739656257952,1369
1452.8168858161434,1384
1454.8935740747306,1351
1456.96972128062,1360
1459.045327680797,1329
1461.120393522327,1338
1463.1949190523528,1330
1465.2689045180973,1275
1467.3423501668608,1307
1469.415256246024,1338
1471.4876230030463,1339
1473.559450685465,1293
1475.6307395408976,1302
1477.7014898170391,1341
1479.771701761665,1282
1481.8413756226287,1341
1483.9105116478618,1307
1485.9791100853772,1302
1488.0471711832643,1364
1490.1146951896926,1361
1492.1816823529098,1295
1494.2481329212433,1333
1496.3140471430984,1325
1498.3794252669609,1358
1500.4442675413939,1322
1502.5085742150404,1320
1504.572345536622,1363
1506.6355817549388,1352
1508.6982831188702,1317
1510.7604498773744,1349
1512.8220822794883,1356
1514.8831805743293,1348
1516.9437450110909,1317
1519.003775839048,1322
1521.0632733075522,1317
1523.1222376660367,1351
1525.1806691640113,1301
1527.2385680510652,1301
1529.2959345768668,1330
1531.3527689911643,1349
1533.4090715437833,1315
1535.4648424846291,1310
1537.5200820636855,1306
1539.5747905310159,1357
1541.6289681367616,1297
1543.6826151311434,1426
1545.7357317644614,1405
1547.7883182870937,1335
1549.8403749494987,1377
1551.8919020022113,1401
1553.9428996958477,1375
1555.9933682811015,1330
1558.0433080087469,1297
1560.0927191296346,1310
1562.1416018946961,1328
1564.1899565549415,1342
1566.2377833614592,1299
1568.2850825654164,1389
1570.3318544180606,1292
1572.3780991707158,1331
1574.423817074788,1382
1576.4690083817595,1353
1578.5136733431923,1361
1580.5578122107272,1349
1582.601425236085,1301
1584.6445126710646,1338
1586.6870747675434,1370
1588.7291117774776,1337
1590.7706239529034,1339
1592.8116115459347,1358
1594.8520748087658,1350
1596.8920139936686,1316
1598.9314293529933,1325
1600.9703211391711,1304
1603.008689604711,1360
1605.0465350022005,1346
1607.0838575843068,1317
1609.1206576037753,1300
1611.1569353134305,1375
1613.1926909661765,1388
1615.2279248149953,1362
1617.2626371129481,1334
1619.2968281131757,1363
1621.3304980688963,1361
1623.3636472334088,1271
1625.39627586009,1401
1627.428384202396,1421
1629.459972513861,1333
1631.4910410480993,1333
1633.5215900588028,1305
1635.551619799744,1357
1637.5811305247717,1411
1639.6101224878166,1318
1641.6385959428862,1373
1643.6665511440683,1357
1645.693988345528,1352
1647.7209078015112,1361
1649.7473097663405,1371
1651.7731944944203,1356
1653.7985622402307,1334
1655.823413258333,1282
1657.847747803366,1347
1659.8715661300494,1399
1661.8948684931793,1339
1663.9176551476316,1360
1665.9399263483624,1347
1667.9616823504057,1383
1669.982923408873,1313
1672.0036497789574,1264
1674.0238617159293,1345
1676.043559475138,1320
1678.0627433120121,1328
1680.081413482059,1358
1682.0995702408654,1295
1684.117213844096,1332
1686.134344547495,1348
1688.1509626068864,1353
1690.1670682781705,1333
1692.182661817329,1355
1694.1977434804217,1365
1696.2123135235875,1369
1698.226372203043,1352
1700.2399197750851,1363
1702.2529564960905,1386
1704.2654826225112,1385
1706.277498410882,1342
1708.2890041178139,1416
1710.2999999999988,1311
1712.3104863142066,1292
1714.3204633172854,1291
1716.329931266163,1251
1718.3388904178469,1350
1720.3473410294214,1333
1722.3552833580516,1332
1724.3627176609807,1346
1726.3696441955308,1393
1728.3760632191033,1341
1730.3819749891782,1318
1732.3873797633146,1358
1734.3922777991502,1377
1736.3966693544012,1347
1738.4005546868639,1355
1740.4039340544127,1331
1742.406807715001,1307
1744.4091759266616,1304
1746.4110389475054,1345
1748.4123970357223,1362
1750.413250449582,1363
1752.4135994474318,1345
1754.4134442876993,1363
1756.4127852288902,1314
1758.4116225295893,1300
1760.4099564484595,1334
1762.407787244244,1288
1764.405115175764,1332
1766.4019405019203,1308
1768.3982634816916,1314
1770.3940843741357,1297
1772.3894034383907,1348
1774.3842209336717,1350
1776.378537119274,1349
1778.372352254571,1363
1780.3656665990156,1337
1782.3584804121397,1348
1784.3507939535534,1327
1786.3426074829463,1377
1788.3339212600863,1359
1790.3247355448211,1321
1792.3150505970766,1318
1794.3048666768573,1323
1796.2941840442477,1371
1798.2830029594106,1342
1800.2713236825884,1385
1802.2591464741004,1337
1804.2464715943465,1362
1806.2332993038058,1384
1808.2196298630352,1380
1810.2054635326708,1337
1812.190800573428,1345
1814.175641246101,1329
1816.1599858115628,1321
1818.1438345307652,1359
1820.127187664738,1364
1822.1100454745924,1327
1824.092408221516,1358
1826.0742761667766,1353
1828.055649571721,1301
1830.0365286977735,1305
1832.0169138064398,1265
1833.9968051593014,1319
1835.9762030180214,1302
1837.9551076443408,1314
1839.9335193000788,1358
1841.9114382471344,1342
1843.888864747485,1307
1845.8657990631878,1311
1847.842241456378,1344
1849.8181921892697,1327
1851.7936515241558,1346
1853.7686197234098,1315
1855.7430970494815,1289
1857.7170837649014,1319
1859.6905801322787,1327
1861.6635864143004,1290
1863.6361028737338,1273
1865.608129773424,1298
1867.5796673762961,1385
1869.5507159453537,1336
1871.521275743678,1297
1873.4913470344313,1359
1875.4609300808534,1353
1877.4300251462632,1322
1879.3986324940588,1334
1881.366752387717,1356
1883.3343850907936,1375
1885.3015308669228,1298
1887.268189979819,1368
1889.2343626932739,1346
1891.2000492711595,1318
1893.1652499774254,1360
1895.1299650761011,1315
1897.0941948312952,1315
1899.0579395071945,1317
1901.0211993680641,1373
1902.98397467825,1359
1904.9462657021745,1340
1906.9080727043415,1345
1908.869395949332,1347
1910.8302357018065,1329
1912.790592226504,1301
1914.7504657882428,1320
1916.7098566519212,1302
1918.6687650825133,1289
1920.6271913450764,1322
1922.5851357047422,1291
1924.5425984267245,1333
1926.499579776314,1343
1928.4560800188833,1307
1930.4120994198802,1361
1932.367638244833,1318
1934.32269675935,1287
1936.2772752291175,1379
1938.231373919899,1309
1940.1849930975404,1409
1942.1381330279637,1341
1944.0907939771696,1375
1946.0429762112412,1347
1947.9946799963363,1304
1949.9459055986945,1345
1951.896653284633,1300
1953.8469233205478,1332
1955.7967159729142,1299
1957.7460315082863,1332
1959.6948701932974,1334
1961.6432322946594,1312
1963.5911180791632,1371
1965.5385278136787,1363
1967.4854617651545,1372
1969.4319202006182,1346
1971.377903387176,1357
1973.3234115920136,1285
1975.268445082395,1332
1977.2130041256642,1323
1979.1570889892423,1349
1981.1006999406304,1335
1983.04383724741,1365
1984.986501177238,1339
1986.928691997853,1316
1988.8704099770712,1405
1990.811655382789,1420
1992.7524284829801,1380
1994.692729545698,1328
1996.6325588390755,1354
1998.5719166313224,1318
2000.5108031907307,1366
2002.4492187856677,1351
2004.387163684583,1351
2006.3246381560011,1294
2008.2616424685298,1407
2010.1981768908527,1323
2012.1342416917332,1317
2014.069837140014,1355
2016.0049635046162,1373
2017.9396210545406,1350
2019.8738100588666,1334
2021.8075307867502,1403
2023.740783507431,1321
2025.6735684902228,1340
2027.6058860045214,1413
2029.5377363198004,1332
2031.4691197056118,1394
2033.4000364315875,1399
2035.3304867674374,1315
2037.260470982952,1356
2039.189989347998,1354
2041.1190421325232,1379
2043.047629606554,1344
2044.9757520401945,1319
2046.9034097036288,1393
2048.8306028671195,1385
2050.7573318010086,1318
2052.683596775716,1321
2054.609398061742,1376
2056.5347359296647,1357
2058.4596106501403,1320
2060.384022493906,1328
2062.3079717317764,1336
2064.231458634646,1384
2066.1544834734873,1365
2068.077046519352,1339
2069.99914804337,1339
2071.9207883167524,1389
2073.8419676107865,1367
2075.7626861968406,1412
2077.6829443463607,1379
2079.6027423308715,1359
2081.522080421977,1416
2083.440958891362,1374
2085.359378010786,1397
2087.2773380520907,1368
2089.194839287196,1297
2091.111881988101,1361
2093.0284664268825,1360
2094.9445928756973,1360
2096.86026160678,1320
2098.775472892446,1335
2100.690227005088,1323
2102.604524217178,1373
2104.5183648012676,1356
2106.431749029985,1360
2108.34467717604,1366
2110.2571495122206,1308
2112.169166311393,1415
2114.080727846503,1335
2115.9918343905747,1307
2117.902486216711,1357
2119.8126835980956,1311
2121.722426807987,1367
2123.6317161197285,1374
2125.5405518067364,1301
2127.448934142509,1344
2129.356863400624,1386
2131.264339854737,1396
2133.1713637785815,1421
2135.077935445972,1317
2136.9840551308002,1389
2138.889723107037,1336
2140.7949396487334,1357
2142.699705030018,1360
2144.6040195250994,1367
2146.507883408264,1333
2148.4112969538774,1322
2150.3142604363848,1354
2152.2167741303097,1322
2154.1188383102535,1428
2156.0204532508997,1350
2157.9216192270064,1361
2159.822336513414,1364
2161.7226053850413,1378
2163.622426116884,1348
2165.5217989840185,1356
2167.4207242616,1378
2169.319202224862,1387
2171.2172331491165,1374
2173.1148173097563,1392
2175.0119549822507,1373
2176.90864644215,1360
2178.8048919650823,1386
2180.7006918267534,1348
2182.596046302952,1325
2184.4909556695407,1305
2186.3854202024645,1391
2188.279440177746,1403
2190.173015871487,1364
2192.066147559868,1393
2193.958835519149,1361
2195.851080025667,1376
2197.7428813558417,1387
2199.6342397861667,1380
2201.5251555932186,1428
2203.415629053651,1316
2205.3056604441986,1352
2207.19525004167,1369
2209.084398122958,1374
2210.9731049650327,1370
2212.861370844941,1339
2214.749196039812,1479
2216.636580826851,1299
2218.523525483344,1385
2220.410030286655,1359
2222.296095514226,1338
2224.1817214435805,1382
2226.066908352319,1462
2227.951656518121,1429
2229.835966218746,1435
2231.71983773203,1408
2233.6032713358913,1405
2235.486267308324,1375
2237.3688259274036,1422
2239.2509474712824,1422
2241.132632218193,1373
2243.013880446447,1373
2244.8946924344323,1428
2246.7750684606203,1350
2248.6550088035574,1392
2250.534513741871,1487
2252.413583554265,1405
2254.292218519526,1425
2256.170418916517,1376
2258.0481850241786,1394
2259.925517121534,1368
2261.8024154876825,1457
2263.678880401803,1367
2265.5549121431536,1339
2267.430510991071,1414
2269.305677224971,1442
2271.180411124348,1349
2273.0547129687766,1311
2274.9285830379076,1319
2276.8020216114737,1342
2278.6750289692845,1378
2280.5476053912294,1320
2282.4197511572766,1404
2284.2914665474727,1389
2286.162751841943,1465
2288.0336073208937,1392
2289.904033264608,1484
2291.774029953448,1427
2293.6435976678554,1457
2295.5127366883517,1401
2297.381447295534,1386
2299.2497297700825,1324
2301.1175843927526,1329
2302.9850114443825,1261
2304.852011205885,1363
2306.7185839582553,1306
2308.5847299825664,1264
2310.4504495599676,1217
2312.3157429716925,1229
2314.1806104990483,1174
2316.0450524234247,1235
2317.9090690262888,1239
2319.772660589186,1264
2321.635827393742,1250
2323.498569721661,1239
2325.3608878547248,1204
2327.2227820747967,1186
2329.0842526638157,1212
2330.945299903803,1156
2332.805924076857,1172
2334.6661254651535,1162
2336.525904350951,1188
2338.3852610165827,1185
2340.244195744464,1245
2342.102708817088,1145
2343.9608005170253,1142
2345.8184711269287,1191
2347.675720929526,1178
2349.532550207628,1191
2351.38895924412,1221
2353.24494832197,1143
2355.100517724223,1180
2356.955667734004,1167
2358.810398634514,1139
2360.664710709037,1160
2362.5186042409337,1192
2364.3720795136437,1201
2366.225136810686,1201
2368.0777764156583,1239
2369.929998612237,1246
2371.7818036841777,1211
2373.633191915315,1218
2375.484163589562,1211
2377.3347189909114,1186
2379.184858403434,1217
2381.03458211128,1215
2382.8838903986775,1230
2384.732783549936,1167
2386.5812618494406,1187
2388.4293255816588,1167
2390.2769750311327,1190
2392.1242104824883,1220
2393.971032220427,1206
2395.8174405297295,1140
2397.6634356952563,1237
2399.509018001947,1192
2401.3541877348193,1169
2403.1989451789705,1183
2405.043290619576,1173
2406.8872243418905,1215
2408.730746631247,1177
2410.5738577730594,1226
2412.4165580528183,1196
2414.258847756095,1202
2416.100727168537,1217
2417.9421965758734,1264
2419.783256263912,1161
2421.623906518538,1136
2423.4641476257157,1212
2425.303979871491,1205
2427.143403541984,1198
2428.9824189233977,1214
2430.821026302012,1258
2432.6592259641866,1241
2434.497018196361,1186
2436.33440328505,1237
2438.171381516851,1203
2440.00795317844,1228
2441.844118556569,1175
2443.6798779380724,1282
2445.5152316098606,1181
2447.3501798589255,1220
2449.1847229723357,1204
2451.0188612372403,1238
2452.8525949408663,1160
2454.6859243705203,1209
2456.518849813587,1220
2458.3513715575314,1215
2460.183489889895,1196
2462.015205098301,1190
2463.8465174704493,1191
2465.67742729412,1234
2467.5079348571717,1189
2469.338040447542,1204
2471.1677443532476,1234
2472.9970468623833,1214
2474.825948263123,1197
2476.6544488437207,1167
2478.482548892508,1165
2480.310248697896,1206
2482.137548548374,1226
2483.9644487325118,1175
2485.790949538956,1170
2487.617051256433,1170
2489.44275417375,1236
2491.26805857979,1162
2493.0929647635157,1197
2494.917473013971,1238
2496.741583620276,1180
2498.5652968716304,1189
2500.3886130573137,1204
2502.2115324666834,1223
2504.0340553891765,1287
2505.856182114308,1205
2507.6779129316733,1174
2509.499248130945,1216
2511.3201880018764,1145
2513.140732834298,1188
2514.9608829181198,1184
2516.780638543331,1178
2518.6,1200
2520.418967578273,1201
2522.237541568376,1175
2524.0557222606144,1174
2525.8735099453706,1234
2527.6909049131086,1238
2529.507907454368,1205
2531.32451785977,1158
2533.140736420014,1171
2534.9565634258774,1116
2536.771999168218,1149
2538.5870439379714,1217
2540.4016980261526,1164
2542.2159617238544,1196
2544.02983532225,1178
2545.8433191125914,1180
2547.656413386209,1216
2549.4691184345115,1199
2551.2814345489874,1167
2553.093362021204,1171
2554.904901142808,1186
2556.716052205523,1213
2558.526815501153,1219
2560.3371913215824,1241
2562.147179958771,1210
2563.956781704761,1217
2565.7659968516705,1189
2567.5748256916986,1114
2569.3832685171224,1196
2571.1913256202984,1192
2572.9989972936614,1212
2574.806283829725,1210
2576.613185521084,1190
2578.4197026604074,1216
2580.2258355404483,1178
2582.031584454035,1210
2583.836949694077,1190
2585.6419315535613,1183
2587.4465303255533,1181
2589.2507463032002,1153
2591.0545797797245,1172
2592.8580310484303,1198
2594.6611004026995,1137
2596.463788135992,1151
2598.266094541849,1194
2600.0680199138874,1174
2601.869564545807,1209
2603.670728731383,1145
2605.4715127644704,1216
2607.2719169390048,1164
2609.071941548998,1194
2610.8715868885433,1175
2612.670853251811,1209
2614.469740933052,1189
2616.268250226594,1225
2618.0663814268455,1179
2619.864134828292,1206
2621.6615107255006,1214
2623.458509413115,1205
2625.2551311858597,1175
2627.0513763385347,1142
2628.8472451660223,1157
2630.6427379632833,1199
2632.4378550253564,1169
2634.232596647359,1181
2636.026963124488,1192
2637.8209547520187,1165
2639.6145718253065,1170
2641.407814639785,1164
2643.200683490966,1193
2644.9931786744414,1153
2646.7853004858807,1146
2648.577049221034,1158
2650.3684251757277,1148
2652.1594286458712,1149
2653.9500599274484,1183
2655.740319316525,1165
2657.5302071092437,1192
2659.3197236018286,1200
2661.10886909058,1179
2662.8976438718782,1203
2664.686048242183,1171
2666.4740824980327,1179
2668.2617469360443,1156
2670.0490418529134,1260
2671.8359675454153,1188
2673.622524310403,1231
2675.408712444811,1183
2677.1945322456495,1229
2678.979984010009,1230
2680.76506803506,1221
2682.5497846180497,1212
2684.334134056306,1127
2686.1181166472343,1248
2687.9017326883213,1198
2689.6849824771293,1172
2691.4678663113013,1181
2693.2503844885596,1167
2695.032537306705,1204
2696.8143250636167,1195
2698.5957480572542,1157
2700.3768065856534,1160
2702.1575009469316,1224
2703.937831439283,1164
2705.717798360982,1158
2707.4974020103837,1186
2709.276642685917,1195
2711.055520686095,1146
2712.834036309506,1212
2714.612189854819,1162
2716.389981620782,1177
2718.1674119062204,1155
2719.944481010041,1155
2721.721189231226,1173
2723.4975368688415,1148
2725.273524222027,1174
2727.0491515900053,1144
2728.824419272075,1162
2730.5993275676146,1212
2732.3738767760838,1187
2734.148067197016,1218
2735.921899130031,1199
2737.6953728748194,1224
2739.468488731156,1180
2741.2412469988926,1254
2743.0136479779617,1223
2744.785691968372,1194
2746.5573792702116,1231
2748.3287101836504,1190
2750.099685008934,1190
2751.870304046388,1180
2753.640567596418,1151
2755.4104759595057,1212
2757.1800294362156,1228
2758.949228327187,1186
2760.7180729331412,1179
2762.486563554877,1150
2764.254700493272,1212
2766.022484049284,1244
2767.789914523947,1198
2769.5569922183786,1212
2771.3237174337705,1181
2773.090090471394,1190
2774.8561116326036,1179
2776.6217812188274,1168
2778.3870995315756,1207
2780.1520668724356,1206
2781.9166835430747,1212
2783.6809498452394,1181
2785.444866080754,1195
2787.2084325515225,1174
2788.971649559527,1201
2790.73451740683,1177
2792.4970363955713,1205
2794.2592068279705,1167
2796.0210290063264,1184
2797.7825032330147,1168
2799.543629810493,1139
2801.304409041296,1213
2803.0648412280366,1161
2804.8249266734088,1179
2806.5846656801846,1216
2808.344058551212,1190
2810.1031055894246,1217
2811.8618070978273,1209
2813.6201633795085,1133
2815.378174737636,1193
2817.1358414754536,1229
2818.893163896285,1177
2820.6501423035334,1183
2822.4067770006814,1134
2824.1630682912883,1200
2825.9190164789957,1235
2827.6746218675207,1155
2829.429884760661,1201
2831.184805462294,1202
2832.9393842763743,1181
2834.693621506936,1190
2836.4475174580916,1255
2838.201072434034,1270
2839.954286739034,1236
2841.707160677441,1231
2843.459694553685,1224
2845.2118886722724,1220
2846.96374333779,1222
2848.7152588549034,1221
2850.4664355283567,1202
2852.217273662973,1197
2853.9677735636546,1201
2855.7179355353833,1242
2857.4677598832186,1233
2859.217246912299,1219
2860.9663969278427,1193
2862.715210235146,1194
2864.4636871395846,1145
2866.211827946614,1141
2867.9596329617652,1146
2869.7071024906536,1216
2871.4542368389684,1179
2873.20103631248,1208
2874.947501217038,1187
2876.6936318585695,1175
2878.4394285430812,1240
2880.1848915766604,1166
2881.9300212654707,1170
2883.6748179157553,1186
2885.4192818338374,1170
2887.1634133261173,1178
2888.907212699077,1195
2890.6506802592744,1202
2892.393816313348,1231
2894.1366211680142,1212
2895.8790951300693,1254
2897.621238506388,1226
2899.363051603925,1190
2901.1045347297118,1143
2902.8456881908596,1176
2904.58651229456,1225
2906.327007348081,1166
2908.067173658772,1221
2909.8070115340597,1195
2911.5465212814497,1284
2913.285703208527,1231
2915.0245576229563,1146
2916.7630848324807,1198
2918.5012851449196,1233
2920.2391588681758,1228
2921.976706310227,1179
2923.7139277791334,1261
2925.4508235830313,1173
2927.187394030137,1237
2928.923639428745,1192
2930.6595600872306,1236
2932.395156314046,1220
2934.1304284177218,1275
2935.8653767068713,1283
2937.6000014901815,1212
2939.3343030764227,1247
2941.068281774442,1213
2942.8019378931644,1203
2944.5352717415976,1228
2946.2682836288236,1216
2948.0009738640065,1213
2949.7333427563885,1210
2951.465390615289,1156
2953.1971177501086,1203
2954.9285244703265,1175
2956.6596110855,1251
2958.3903779052657,1254
2960.1208252393385,1257
2961.8509533975125,1216
2963.5807626896617,1201
2965.3102534257378,1158
2967.0394259157715,1176
2968.768280469873,1163
2970.496817398232,1186
2972.2250370111146,1225
2973.952939618869,1206
2975.6805255319196,1212
2977.4077950607707,1210
2979.134748516006,1215
2980.861386208289,1186
2982.587708448359,1210
2984.313715547037,1209
2986.039407815222,1192
2987.764785563891,1228
2989.489849104102,1219
2991.2145987469908,1173
2992.9390348037705,1205
2994.6631575857346,1213
2996.3869674042576,1203
2998.1104645707887,1170
2999.83364939686,1202
3001.5565221940783,1183
3003.2790832741334,1224
3005.0013329487924,1181
3006.7232715298996,1194
3008.4448993293804,1179
3010.166216659239,1159
3011.887223831558,1197
3013.607921158498,1191
3015.3283089522993,1186
3017.0483875252826,1237
3018.7681571898443,1186
3020.4876182584626,1143
3022.2067710436927,1164
3023.9256158581707,1207
3025.644153014609,1202
3027.362382825801,1162
3029.0803056046193,1236
3030.797921664012,1223
3032.5152313170106,1232
3034.2322348767225,1203
3035.9489326563353,1169
3037.665324969115,1204
3039.3814121284063,1204
3041.097194447633,1165
3042.812672240299,1173
3044.5278458199855,1192
3046.2427155003525,1212
3047.9572815951406,1186
3049.671544418167,1199
3051.38550428333,1243
3053.0991615046073,1205
3054.812516396051,1172
3056.5255692717974,1180
3058.2383204460575,1149
3059.9507702331257,1166
3061.662918947372,1193
3063.3747669032446,1214
3065.0863144152736,1210
3066.7975617980674,1221
3068.508509366309,1175
3070.219157434767,1167
3071.9295063182844,1158
3073.639556331785,1169
3075.3493077902704,1180
3077.058761008821,1169
3078.7679163025964,1171
3080.476773986837,1192
3082.1853343768594,1148
3083.89359778806,1193
3085.6015645359153,1163
3087.3092349359786,1184
3089.016609303884,1181
3090.7236879553434,1225
3092.4304712061476,1156
3094.136959372166,1199
3095.843152769349,1195
3097.5490517137237,1181
3099.2546565213966,1181
3100.959967508554,1215
3102.66498499146,1256
3104.3697092864577,1205
3106.0741407099695,1183
3107.778279578498,1115
3109.482126208622,1165
3111.1856809170004,1221
3112.8889440203716,1259
3114.5919158355528,1205
3116.294596679439,1184
3117.996986869006,1224
3119.6990867213062,1201
3121.4008965534726,1198
3123.102416682717,1181
3124.803647426329,1225
3126.5045891016784,1188
3128.205242026213,1168
3129.90560651746,1200
3131.605682893025,1231
3133.3054714705922,1191
3135.0049725679282,1246
3136.7041865028714,1217
3138.4031135933465,1182
3140.101754157353,1154
3141.800108512971,1129
3143.498176978357,1234
3145.1959598717494,1178
3146.8934575114636,1174
3148.5906702158954,1184
3150.2875983035183,1170
3151.9842420928853,1155
3153.680601902627,1217
3155.376678051456,1154
3157.07247085816,1181
3158.767980641609,1222
3160.463207720748,1174
3162.158152414606,1225
3163.8528150422862,1153
3165.5471959229726,1200
3167.2412953759303,1226
3168.9351137204976,1193
3170.628651276098,1197
3172.3219083622307,1190
3174.014885298474,1143
3175.707582404485,1172
3177.4000000000005,1190
3179.092138404835,1149
3180.7839979388846,1203
3182.47557892212,1249
3184.166881674594,1202
3185.8579065164386,1220
3187.5486537678626,1179
3189.2391237491547,1138
3190.9293167806827,1144
3192.6192331828934,1114
3194.3088732763117,1214
3195.998237381542,1137
3197.687325819268,1174
3199.376138910251,1151
3201.064676975334,1172
3202.7529403354347,1149
3204.4409293115523,1155
3206.1286442247647,1187
3207.816085396229,1170
3209.5032531471825,1224
3211.190147798936,1134
3212.8767696728846,1189
3214.5631190905015,1167
3216.2491963733373,1179
3217.9350018430214,1186
3219.6205358212637,1202
3221.305798629851,1211
3222.990790590651,1156
3224.6755120256103,1146
3226.359963256751,1120
3228.0441446061795,1163
3229.7280563960758,1140
3231.411698948703,1170
3233.0950725863995,1100
3234.778177631587,1165
3236.461014406761,1242
3238.1435832345005,1141
3239.8258844374595,1213
3241.507918338374,1181
3243.1896852600576,1170
3244.8711855254023,1197
3246.552419457381,1144
3248.233387379042,1209
3249.914089613516,1236
3251.59452648401,1207
3253.274698313813,1198
3254.95460542629,1181
3256.6342481448855,1212
3258.313626793125,1193
3259.9927416946084,1151
3261.6715931730196,1176
3263.3501815521176,1184
3265.0285071557437,1106
3266.706570307815,1157
3268.3843713323286,1147
3270.0619105533615,1135
3271.739188295068,1132
3273.4162048816834,1179
3275.0929606375184,1157
3276.769455886966,1176
3278.445690954498,1196
3280.1216661646613,1204
3281.797381842087,1186
3283.4728383114807,1158
3285.1480358976296,1168
3286.8229749253996,1182
3288.4976557197333,1153
3290.172078605655,1203
3291.846243908266,1163
3293.5201519527463,1186
3295.193803064357,1167
3296.8671975684374,1136
3298.5403357904024,1131
3300.21321805575,1161
3301.8858446900567,1169
3303.558216018975,1173
3305.23033236824,1149
3306.9021940636603,1195
3308.57380143113,1156
3310.2451547966184,1160
3311.916254486174,1200
3313.5871008259246,1230
3315.2576941420766,1142
3316.9280347609147,1229
3318.5981230088046,1159
3320.2679592121895,1169
3321.9375436975924,1163
3323.606876791612,1218
3325.27595882093,1140
3326.944790112305,1203
3328.6133709925753,1184
3330.2817017886573,1148
3331.949782827547,1164
3333.617614436319,1169
3335.2851969421245,1191
3336.952530672199,1182
3338.619615953853,1161
3340.286453114475,1199
3341.9530424815357,1177
3343.619384382583,1241
3345.2854791452437,1201
3346.951327097224,1183
3348.6169285663073,1174
3350.2822838803577,1167
3351.947393367319,1207
3353.61225735521,1187
3355.2768761721345,1190
3356.9412501462693,1177
3358.605379605873,1185
3360.2692648792827,1206
3361.9329062949146,1173
3363.596304181263,1179
