Experiment Number,G Band Area Result,Diameter Control Result,Patch,Pillar,C2H4 Flow Rate [sccm],Ar/CO2 Flow Rate [sccm],CO2 Flow Rate [sccm],Temperature [C],Water [ppm],Pressure [Torr],488 control,633 control,785 control,488 diff,633 diff,785 diff,Control Center,488 raw control,488 raw center,633 raw control,633 raw center,785 raw control,785 raw center,Control Width,Total Control,Mean Control,488 Agreement,633 Agreement,785 Agreement,Mean Agreement
1,0.459315546,0.2803472,10,1,179,41.9,4.19,794.35,0.975,10,0,0,0,0,0,0,0,0,0,0,0,0,0,0,0,0,0,0,0,0
2,0.047812093,0.3289325,10,6,53,5.3,0.53,850.85,0.964,10,0,0,0,0,0,0,0,0,0,0,0,0,0,0,0,0,0,0,0,0
3,2.058736595,0.4975685,10,11,112,49.3,4.93,716.35,0.95,10,0,0,0,0,0,0,0,0,0,0,0,0,0,0,0,0,0,0,0,0
4,0.000407752,0.325929,10,16,12,4.4,0.44,902.1,0.946,10,0,0,0,0,0,0,0,0,0,0,0,0,0,0,0,0,0,0,0,0
5,0.111380206,0.5054106,10,21,176,9.5,0.95,852.6,0.947,10,0,0,0,0,0,0,0,0,0,0,0,0,0,0,0,0,0,0,0,0
6,0.042363277,0.258833235,31,11,105.5,72.5,7.25,583.85,0.971,10,0,0,0,0,0,0,0,0,0,0,0,0,0,0,0,0,0,0,0,0
7,2.81294856,0.70867188,31,12,112,134,13.4,753.85,0.989,10,0,0,0,0,0,0,0,0,0,0,0,0,0,0,0,0,0,0,0,0
8,2.039283043,0.804918835,31,13,111,113,11.3,752.85,1.02,10,0.758114026,0,0.604747042,0.516228052,-1,0.209494083,228.0519002,0.758114026,210.2167969,0.002394391,205.2939453,0.215880324,230.8564453,55.38783222,1.362861068,0.454287023,0.941851518,0,0.751314313,0.56438861
9,3.6895072,0.740538431,31,14,125,140,14,715.85,1.01,10,0,0,0,0,0,0,0,0,0,0,0,0,0,0,0,0,0,0,0,0
10,4.155087272,0.647103947,31,15,129,182,18.2,716.1,0.998,10,0,0,0,0,0,0,0,0,0,0,0,0,0,0,0,0,0,0,0,0
11,3.143729511,0.64807884,31,16,138.5,166,16.6,738.6,0.989,10,0,0,0,0,0,0,0,0,0,0,0,0,0,0,0,0,0,0,0,0
12,3.134277386,0.715198451,31,17,114.5,183,18.3,678.1,0.982,10,0,0,0,0,0,0,0,0,0,0,0,0,0,0,0,0,0,0,0,0
13,3.732488221,0.68542534,31,18,112.5,205.5,20.55,696.1,0.975,10,0,0,0,0,0,0,0,0,0,0,0,0,0,0,0,0,0,0,0,0
14,3.883375922,0.755740052,31,19,114.5,233,23.3,719.6,0.969,10,0,0,0,0,0,0,0,0,0,0,0,0,0,0,0,0,0,0,0,0
15,2.67049622,0.812648492,31,20,98.5,220,22,738.35,0.964,10,0.415752457,0.041907929,0.595711691,-0.168495086,-0.916184141,0.191423382,230.4517704,0.415752457,214.8613281,0.032799694,226.1113281,0.142989184,246.453125,60.18757258,1.053372077,0.351124026,0.511601832,0.051569565,0.733049648,0.432073682
16,3.210597779,0.730604873,31,21,138,262.5,26.25,657.35,0.96,10,0,0,0,0,0,0,0,0,0,0,0,0,0,0,0,0,0,0,0,0
17,3.438215085,0.690625979,31,22,137,300,30,707.1,0.955,10,0,0,0,0,0,0,0,0,0,0,0,0,0,0,0,0,0,0,0,0
18,2.302940617,0.865610265,31,23,121,268,26.8,743.6,0.951,10,0.218353147,0.020752546,0.644807852,-0.563293707,-0.958494907,0.289615704,232.8503168,0.218353147,210.2167969,0.014244703,304.7246094,0.416854031,241.2431641,64.98466545,0.883913545,0.294637848,0.252253416,0.023974469,0.744917058,0.340381648
19,3.125976572,0.696004126,31,24,94.5,356.5,35.65,558.35,0.947,10,0,0,0,0,0,0,0,0,0,0,0,0,0,0,0,0,0,0,0,0
20,4.79995596,0.649144842,31,25,87.5,357.5,35.75,620.85,0.943,10,0,0,0,0,0,0,0,0,0,0,0,0,0,0,0,0,0,0,0,0
21,6.767528398,0.568137063,32,5,83.5,427,42.7,591.85,0.917,10,0,0,0,0,0,0,0,0,0,0,0,0,0,0,0,0,0,0,0,0
22,3.191900721,0.713502093,32,6,75.5,481.5,48.15,587.85,0.919,10,0,0,0,0,0,0,0,0,0,0,0,0,0,0,0,0,0,0,0,0
23,3.839803902,0.696748344,32,7,96.5,425.5,42.55,598.85,0.924,10,0,0,0,0,0,0,0,0,0,0,0,0,0,0,0,0,0,0,0,0
24,3.330805617,0.657639895,32,8,60,399,39.9,572.6,0.928,10,0,0,0,0,0,0,0,0,0,0,0,0,0,0,0,0,0,0,0,0
25,4.751388308,0.636485741,32,9,82,433,43.3,622.85,0.923,10,0,0,0,0,0,0,0,0,0,0,0,0,0,0,0,0,0,0,0,0
26,4.929006486,0.770110512,32,10,68.5,411.5,41.15,726.35,0.92,10,0,0,0,0,0,0,0,0,0,0,0,0,0,0,0,0,0,0,0,0
27,2.921772777,0,32,11,99,500,50,760.85,0.917,10,0,0,0,0,0,0,0,0,0,0,0,0,0,0,0,0,,,,
28,6.601775677,0.580408915,32,12,53.5,351.5,35.15,690.1,0.914,10,0,0,0,0,0,0,0,0,0,0,0,0,0,0,0,0,0,0,0,0
29,5.270200634,0.315966191,32,13,78.5,346,34.6,684.35,0.911,10,0,0,0,0,0,0,0,0,0,0,0,0,0,0,0,0,0,0,0,0
30,5.180832995,0.594799685,32,14,50,405.5,40.55,620.6,0.909,10,0,0,0,0,0,0,0,0,0,0,0,0,0,0,0,0,0,0,0,0
31,4.825944753,0.952854083,32,15,52.5,400,40,604.1,0.907,10,0,0,0.142742227,-1,-1,-0.714515546,236.4934583,0,210.2167969,1,303.6977539,0.737174481,273.6455078,43.30511845,0.142742227,0.047580742,0,0,0.149804917,0.049934972
32,0.000173723,1,35,12,30,393.5,39.35,623.6,0.905,10,,,0,,,-1,222.068045,,100,,100,0.909000283,310.3237305,19.27859913,,,,,0,
33,6.905582982,0.597654103,35,15,17,359.5,35.95,676.1,0.936,10,0.024652021,0.008527404,0.580193969,-0.950695958,-0.982945191,0.160387938,236.4991016,0.531973223,268.1552734,0.384510641,287.222168,0.286465915,246.453125,38.49342937,0.613373394,0.204457798,0.041247974,0.014268127,0.970785553,0.342100551
34,3.171873227,0.17748552,35,21,26.5,343.5,34.35,718.35,0.931,10,0,0,0,0,0,0,0,0,0,0,0,0,0,0,0,0,0,0,0,0
35,1.893920982,3.73E-14,35,22,66.5,392,39.2,608.6,0.929,10,0,0,0,0,0,0,0,0,0,0,0,0,0,0,0,0,0,0,0,0
36,0.000584006,0,35,23,17.5,441,44.1,510.6,0.924,10,0,0,0,0,0,0,0,0,0,0,0,0,0,0,0,0,,,,
37,0.053997448,0.486545664,36,22,49.5,433.5,43.35,583.85,0.92,10,0,0,0,0,0,0,0,0,0,0,0,0,0,0,0,0,0,0,0,0
38,1.51219995,0.677882934,36,23,87.5,281,28.1,603.85,0.918,10,0,0,0,0,0,0,0,0,0,0,0,0,0,0,0,0,0,0,0,0
39,2.213909428,0.473803453,36,24,100.5,383,38.3,619.35,0.915,10,0,0,0,0,0,0,0,0,0,0,0,0,0,0,0,0,0,0,0,0
40,7.197962145,0.766916884,38,23,127.5,222,22.2,791.6,0.997,10,0.010950974,0,0.56629042,-0.978098052,-1,0.132580839,232.8808711,0.458279618,218.3408203,0.009822826,261.387207,0.207327549,245.8046875,45.72989038,0.577241394,0.192413798,0.014279219,0,0.738398686,0.250892635
41,5.036503573,0.23160605,38,24,101,260.5,26.05,785.6,1.02,10,0,0,0,0,0,0,0,0,0,0,0,0,0,0,0,0,0,0,0,0
42,8.55785023,0.61008681,38,25,71.5,344,34.4,739.1,1.01,10,0.41349733,0.012445515,0.670642907,-0.17300534,-0.97510897,0.341285814,226.8514684,0.400997646,213.7001953,0.084431745,286.1923828,0.243587733,245.1538086,52.9869687,1.096585752,0.365528584,0.677768021,0.020399581,1.099258165,0.599141922
43,7.777815775,0.571437989,39,1,95.5,313,31.3,747.35,1,10,0.41893387,0.383969825,0.143608747,-0.16213226,-0.23206035,-0.712782506,277.2970617,0.569374138,265.8486328,0.141542953,307.8110352,0.293371065,245.1538086,43.10249089,0.946512442,0.315504147,0.73312219,0.671936119,0.251311165,0.552123158
44,7.097686704,0.266013671,39,2,86.5,360,36,745.6,0.994,10,0,0,0.004475206,-1,-1,-0.991049588,317.9334489,0.410953889,213.7001953,0.151413654,304.7280273,0.256843645,245.1538086,14.30029553,0.004475206,0.001491735,0,0,0.016823217,0.005607739
45,5.083182415,0.350789258,39,3,171,256,25.6,756.85,0.988,10,0,0,0,0,0,0,0,0,0,0,0,0,0,0,0,0,0,0,0,0
46,6.162401402,0.900789033,39,4,71,293.5,29.35,748.35,0.982,10,0.041391526,0.137564261,0.141339796,-0.917216948,-0.724871478,-0.717320408,268.9247658,0.488275898,213.7001953,0.123478952,261.387207,0.219922248,245.8046875,31.15962592,0.320295583,0.106765194,0.0459503,0.152715293,0.156906657,0.118524083
47,2.097872758,0.529926198,39,16,92.5,322.5,32.25,807.1,0.973,10,0,0,0,0,0,0,0,0,0,0,0,0,0,0,0,0,0,0,0,0
48,7.061150789,0.621807157,39,17,60.5,237,23.7,680.6,0.969,10,0.078267748,0.034469606,0.808036903,-0.843464504,-0.931060787,0.616073806,228.0519002,0.978150333,265.8486328,0.560505344,285.1625977,0.391012864,245.1538086,55.38783222,0.920774257,0.306924752,0.125871417,0.05543456,1.299497592,0.49360119
49,6.099350684,0.310737245,39,18,76.5,293,29.3,665.1,0.966,10,0,0,0,0,0,0,0,0,0,0,0,0,0,0,0,0,0,0,0,0
50,6.569746138,0.456849573,39,19,72.5,311.5,31.15,680.35,0.962,10,0,0,0,0,0,0,0,0,0,0,0,0,0,0,0,0,0,0,0,0
51,7.02813122,0.488074542,39,20,74.5,315.5,31.55,695.35,0.959,10,0.022568415,0,0.611470849,-0.95486317,-1,0.222941697,225.668656,0.483832186,213.7001953,0.321416256,310.8789063,0.323259143,245.1538086,36.13243159,0.634039263,0.211346421,0.046239689,0,1.252822665,0.433020785
52,1.865064422,0.778878066,41,2,78.5,316,31.6,607.85,0.956,10,0,0,0,0,0,0,0,0,0,0,0,0,0,0,0,0,0,0,0,0
53,6.382610208,0.789704223,41,7,77,317.5,31.75,716.1,0.955,10,,,0.448559883,,,-0.102880234,228.0519002,,310.7939453,,302.6777344,0.522431965,269.7773438,55.38783222,,,,,0.568009984,
54,6.637284609,0.64851761,41,8,55,300,30,686.85,0.955,10,0,0,0,0,0,0,0,0,0,0,0,0,0,0,0,0,0,0,0,0
55,4.310018586,1.10E-14,41,11,48,262,26.2,759.6,0.961,10,0,0,0,0,0,0,0,0,0,0,0,0,0,0,0,0,0,0,0,0
56,1.814277095,0.660753391,41,12,120.5,166.5,16.65,821.1,0.965,10,0,0,0,0,0,0,0,0,0,0,0,0,0,0,0,0,0,0,0,0
57,1.913988254,0.308656733,41,13,79.5,276.5,27.65,654.6,0.962,10,0,0,0,0,0,0,0,0,0,0,0,0,0,0,0,0,0,0,0,0
58,2.270982428,0.779384248,41,14,94.5,192.5,19.25,799.85,0.958,10,0,0,0,0,0,0,0,0,0,0,0,0,0,0,0,0,0,0,0,0
59,2.364159507,0.708893186,41,15,57,332.5,33.25,688.6,0.954,10,0,0,0,0,0,0,0,0,0,0,0,0,0,0,0,0,0,0,0,0
60,2.169713532,0.625652191,41,16,41.5,422,42.2,670.1,0.951,10,0,0,0,0,0,0,0,0,0,0,0,0,0,0,0,0,0,0,0,0
61,0.032419509,4.83E-14,41,17,134,370.5,37.05,575.1,0.947,10,0,0,0,0,0,0,0,0,0,0,0,0,0,0,0,0,0,0,0,0
62,2.719086658,0.710140584,41,18,61.5,330.5,33.05,700.1,0.941,10,0,0,0,0,0,0,0,0,0,0,0,0,0,0,0,0,0,0,0,0
63,1.970736844,0.342711132,41,19,97.5,278,27.8,700.35,0.94,10,0,0,0,0,0,0,0,0,0,0,0,0,0,0,0,0,0,0,0,0
64,2.040444566,0.366384968,41,20,77,318,31.8,709.35,0.938,10,0,0,0,0,0,0,0,0,0,0,0,0,0,0,0,0,0,0,0,0
65,5.254351506,2.61E-14,42,10,79.5,319.5,31.95,672.85,0.926,10,0,0,0,0,0,0,0,0,0,0,0,0,0,0,0,0,0,0,0,0
66,4.049126633,0.623960864,42,7,77.5,317.5,31.75,709.35,0.964,10,0,0,0,0,0,0,0,0,0,0,0,0,0,0,0,0,0,0,0,0
67,4.205607296,0.681824059,42,8,77,320,32,727.1,0.959,10,0,0,0,0,0,0,0,0,0,0,0,0,0,0,0,0,0,0,0,0
68,3.83988827,0.335386205,42,9,60,274.5,27.45,661.85,0.952,10,0,0,0,0,0,0,0,0,0,0,0,0,0,0,0,0,0,0,0,0
69,4.248693839,0.798646735,42,10,73,326,32.6,735.6,0.948,10,0,0,0,0,0,0,0,0,0,0,0,0,0,0,0,0,0,0,0,0
70,3.861096852,0.90147443,42,15,78.5,304,30.4,746.6,0.944,10,0,0,0.002902691,-1,-1,-0.994194617,320.3142051,0.332333387,213.7001953,0.102019411,220.918457,0.245509429,245.8046875,19.06180794,0.002902691,0.000967564,0,0,0.003219938,0.001073313
71,5.081736604,0.497502815,42,21,64,276,27.6,708.35,0.94,10,0,0,0,0,0,0,0,0,0,0,0,0,0,0,0,0,0,0,0,0
72,4.807286741,0.987720392,42,22,72.5,360,36,713.1,0.935,10,0.013201318,0,0.537970135,-0.973597363,-1,0.07594027,236.5083965,0.456563807,264.6953125,0.112011369,286.1923828,0.25108652,245.1567383,28.87006061,0.551171454,0.183723818,0.013365441,0,0.544658326,0.186007922
73,4.031668302,0.217751734,42,23,65.5,372.5,37.25,687.6,0.932,10,0,0,0,0,0,0,0,0,0,0,0,0,0,0,0,0,0,0,0,0
74,3.665594238,1,42,24,123,217,21.7,743.35,0.926,10,0.029472986,0,0.602885467,-0.941054029,-1,0.205770934,224.466567,0.419214551,213.7001953,0.224262358,307.8110352,0.267542234,245.8046875,33.72825358,0.632358452,0.210786151,0.029472986,0,0.602885467,0.210786151
75,3.622284631,0.735793588,42,25,122.5,208.5,20.85,740.35,0.925,10,0,0,0,0,0,0,0,0,0,0,0,0,0,0,0,0,0,0,0,0
76,5.020136783,0.762530735,43,6,74,359.5,35.95,731.6,0.923,10,0,0,0,0,0,0,0,0,0,0,0,0,0,0,0,0,0,0,0,0
77,4.32126112,0.813862909,43,14,122,223,22.3,739.35,0.92,10,0,0,0.001263142,-1,-1,-0.997473715,329.8369102,0.434844935,212.5390625,0.165287954,284.1298828,0.339807872,245.8022461,23.80101024,0.001263142,0.000421047,0,0,0.001552033,0.000517344
78,4.144279574,0.545151959,43,16,122.5,224.5,22.45,730.85,0.918,10,0,0,0,0,0,0,0,0,0,0,0,0,0,0,0,0,0,0,0,0
79,4.472716973,0.864821628,43,17,120,217.5,21.75,731.35,0.917,10,0,0,0.629277885,-1,-1,0.25855577,235.2986699,0.366034791,267.0019531,0.427378648,303.6977539,0.361074122,245.1538086,36.09256586,0.629277885,0.209759295,0,0,0.727638931,0.24254631
80,6.746686162,0.739150174,43,19,121,220,22,760.85,0.91,10,0.39883767,0,0.715192898,-0.20232466,-1,0.430385797,228.0519002,0.397957168,214.8613281,0.029040103,305.7578125,0.235142355,246.453125,55.38783222,1.114030569,0.371343523,0.539589497,0,0.967588081,0.502392526
81,5.832016327,0.272589944,43,20,121,209.5,20.95,793.6,0.918,10,0,0,0,0,0,0,0,0,0,0,0,0,0,0,0,0,0,0,0,0
82,0.013409629,0.485813181,43,21,128.5,233,23.3,24.35,0.924,10,0,0,0,0,0,0,0,0,0,0,0,0,0,0,0,0,0,0,0,0
83,3.665394913,0.765488349,43,22,113,194,19.4,718.85,0.928,10,0,0,0,0,0,0,0,0,0,0,0,0,0,0,0,0,0,0,0,0
84,4.175179908,0.803913738,43,23,128,237,23.7,751.85,0.926,10,0.456378346,0.06865725,0.08462584,-0.087243309,-0.8626855,-0.830748321,277.2970617,0.628995924,264.6953125,0.928766999,335.5200195,0.640283354,241.2431641,43.10249089,0.609661436,0.203220479,0.567695667,0.085403753,0.105267314,0.252788911
85,5.571743335,0.685638321,43,24,81.5,336,33.6,712.85,0.924,10,0,0,0,0,0,0,0,0,0,0,0,0,0,0,0,0,0,0,0,0
86,6.105765766,0.49071871,43,25,79,345,34.5,715.6,0.923,10,0,0,0,0,0,0,0,0,0,0,0,0,0,0,0,0,0,0,0,0
87,6.281515305,0.585801864,44,1,69,314.5,31.45,758.35,0.921,10,0,0,0,0,0,0,0,0,0,0,0,0,0,0,0,0,0,0,0,0
88,6.63102802,0.564645673,44,2,67.5,365,36.5,714.1,0.919,10,0.835639425,0.711934867,0.13012536,0.671278851,0.423869734,-0.73974928,271.3114181,0.835639425,264.6953125,0.632046327,285.159668,0.302446217,245.1538086,40.7359826,1.677699652,0.559233217,1.479935941,1.260852426,0.230454896,0.990414421
89,6.011053191,3.44E-14,44,3,110.5,205.5,20.55,743.1,0.918,10,0,0,0,0,0,0,0,0,0,0,0,0,0,0,0,0,0,0,0,0
90,6.389092949,0.527528787,44,4,81.5,340,34,697.6,0.917,10,0,0,0,0,0,0,0,0,0,0,0,0,0,0,0,0,0,0,0,0
91,6.007599596,0.428759703,44,5,122,231,23.1,758.1,0.915,10,0,0,0,0,0,0,0,0,0,0,0,0,0,0,0,0,0,0,0,0
92,5.3393297,0.236505272,44,6,134,211,21.1,738.6,0.914,10,0,0,0,0,0,0,0,0,0,0,0,0,0,0,0,0,0,0,0,0
93,5.687234433,0.490017853,44,7,80.5,344.5,34.45,682.85,0.913,10,0,0,0,0,0,0,0,0,0,0,0,0,0,0,0,0,0,0,0,0
94,6.548433969,0.52231242,44,8,78.5,338,33.8,680.35,0.911,10,0,0,0,0,0,0,0,0,0,0,0,0,0,0,0,0,0,0,0,0
95,5.503884528,0.487444283,44,9,69,343,34.3,669.6,0.909,10,0,0,0,0,0,0,0,0,0,0,0,0,0,0,0,0,0,0,0,0
96,3.417953586,0.329863709,44,10,63.5,313,31.3,632.35,0.908,10,0,0,0,0,0,0,0,0,0,0,0,0,0,0,0,0,0,0,0,0
97,7.009699729,0.602838564,44,21,64,325,32.5,687.35,0.906,10,0.255044242,0.070494029,0.693517647,-0.489911517,-0.859011942,0.387035293,228.0519002,0.432699891,269.3085938,0.659286763,287.2192383,0.299920306,245.1538086,55.38783222,1.019055917,0.339685306,0.423072207,0.116936827,1.150420176,0.563476403
98,4.136159121,0.474039412,44,22,64,309,30.9,641.6,0.904,10,0,0,0,0,0,0,0,0,0,0,0,0,0,0,0,0,0,0,0,0
99,3.491582754,3.31E-15,44,23,86,327.5,32.75,626.6,0.903,10,0,0,0,0,0,0,0,0,0,0,0,0,0,0,0,0,0,0,0,0
100,3.41858876,0.803789115,44,24,63.5,328,32.8,630.1,0.901,10,0,0,0.545040223,-1,-1,0.090080446,231.6953867,1,265.8486328,0.81157904,284.1298828,0.377076089,244.5029297,28.88599957,0.545040223,0.181680074,0,0,0.678088584,0.226029528
101,0.001006602,0.586548554,50,2,64,337,33.7,651.1,0.951,10,0,0,0,0,0,0,0,0,0,0,0,0,0,0,0,0,0,0,0,0
102,3.223779567,0.74885978,50,6,126.5,253,25.3,690.85,1.08,10,0.190359564,0.163915358,0.676934316,-0.619280872,-0.672169283,0.353868632,228.0519002,1,266.0244141,0.007745613,310.9570313,0.448436572,237.4584961,55.38783222,1.031209239,0.343736413,0.25419921,0.218886583,0.903953363,0.459013052
103,6.294161419,0.610972589,50,7,74.5,333,33.3,752.1,1.06,10,0.243836262,0.211471116,0.702180456,-0.512327476,-0.577057767,0.404360912,228.0519002,0.266810074,268.3349609,0.143280861,255.2436523,0.518946189,236.8061523,55.38783222,1.157487834,0.385829278,0.399095257,0.346122101,1.149283075,0.631500144
104,4.494966772,0.39061321,50,8,61,326,32.6,665.35,1.05,10,0,0,0,0,0,0,0,0,0,0,0,0,0,0,0,0,0,0,0,0
105,5.621988911,0.553505035,50,9,71.5,243,24.3,709.6,1.04,10,0,0,0,0,0,0,0,0,0,0,0,0,0,0,0,0,0,0,0,0
106,5.933236774,1,50,10,64.5,346,34.6,685.85,1.03,10,0,0.083191932,0.015308913,-1,-0.833616136,-0.969382174,276.1243728,0.905978331,267.1816406,0.164848914,283.1699219,0.549360536,237.4545898,11.97455258,0.098500845,0.032833615,0,0.083191932,0.015308913,0.032833615
107,5.014602466,0.47904414,50,16,62.5,326,32.6,653.6,1.02,10,0,0,0,0,0,0,0,0,0,0,0,0,0,0,0,0,0,0,0,0
108,5.67382427,0.462957142,50,17,70,348,34.8,756.6,1.01,10,0,0,0,0,0,0,0,0,0,0,0,0,0,0,0,0,0,0,0,0
109,6.00284967,0.786180072,50,18,62.5,309.5,30.95,685.35,1.01,10,0.252124154,0.165795137,0.635164442,-0.495751692,-0.668409725,0.270328884,235.2873815,0.725131228,267.1816406,0.198670451,301.6645508,0.520075508,236.8061523,45.71727205,1.053083734,0.351027911,0.320695173,0.210886975,0.807912162,0.446498104
110,4.280856821,0.455420726,50,19,135,265,26.5,668.1,1,10,0,0,0,0,0,0,0,0,0,0,0,0,0,0,0,0,0,0,0,0
111,3.912771027,0.729209343,51,2,65.5,323,32.3,694.6,0.97,10,0.217860899,0.173241096,0.7197624,-0.564278202,-0.653517808,0.4395248,228.0519002,0.750458457,267.1816406,0.174985372,284.199707,0.524071934,236.8061523,55.38783222,1.110864395,0.370288132,0.298763175,0.237573884,0.987044951,0.507794004
112,3.54438041,0.515134342,51,3,65,337.5,33.75,672.35,1.01,10,0,0,0,0,0,0,0,0,0,0,0,0,0,0,0,0,0,0,0,0
113,3.936384712,0.470894054,51,4,112.5,230,23,700.85,1,10,0,0,0,0,0,0,0,0,0,0,0,0,0,0,0,0,0,0,0,0
114,2.417314186,0.332120308,51,5,64.5,329,32.9,633.6,0.993,10,0,0,0,0,0,0,0,0,0,0,0,0,0,0,0,0,0,0,0,0
115,4.423926041,0.738714712,51,6,117.5,161.5,16.15,748.35,0.988,10,0.551216036,0.232043742,0.756133033,0.102432073,-0.535912517,0.512266066,230.4517704,0.725993583,271.7880859,0.151791121,255.2436523,0.371657313,242.0170898,60.18757258,1.539392811,0.513130937,0.746182562,0.314118208,1.023579226,0.694626665
116,3.478863512,0.338754225,51,7,63,325.5,32.55,646.6,0.982,10,0,0,0,0,0,0,0,0,0,0,0,0,0,0,0,0,0,0,0,0
117,2.075148134,0.373197812,51,8,62.5,325,32.5,615.1,0.977,10,0,0,0,0,0,0,0,0,0,0,0,0,0,0,0,0,0,0,0,0
118,0.463509043,0.380066175,51,9,60.5,321,32.1,590.35,0.973,10,0,0,0,0,0,0,0,0,0,0,0,0,0,0,0,0,0,0,0,0
119,0.470090404,0.606289156,51,10,64,314.5,31.45,583.6,0.966,10,0,0,0,0,0,0,0,0,0,0,0,0,0,0,0,0,0,0,0,0
120,0.008068815,0.568718072,51,21,111.5,150,15,525.85,0.964,10,0,0,0,0,0,0,0,0,0,0,0,0,0,0,0,0,0,0,0,0
121,0.007677991,0.602988716,51,24,61,324.5,32.45,438.1,0.959,10,0,0,0,0,0,0,0,0,0,0,0,0,0,0,0,0,0,0,0,0
122,7.832768481,0.635440723,52,1,64.5,313,31.3,734.85,0.958,10,0.328147166,0.209853302,0.685278664,-0.343705667,-0.580293396,0.370557327,226.8514684,0.365812526,267.1816406,0.168409765,255.2436523,0.266696417,242.0200195,52.9869687,1.223279132,0.407759711,0.516408777,0.330248431,1.078430511,0.641695906
123,6.501707132,0.421770439,52,2,60.5,338.5,33.85,699.6,0.955,10,0,0.006050923,0.01202093,-1,-0.987898155,-0.97595814,323.8861621,0.629239255,267.1816406,0.184906668,284.199707,0.301485247,241.3686523,21.43567144,0.018071852,0.006023951,0,0.014346483,0.02850112,0.014282534
124,5.693798079,0.854744623,52,6,140,231,23.1,766.85,0.951,10,0.148188454,0.163126624,0.516792174,-0.703623091,-0.673746752,0.033584349,238.8989718,0.446662848,215.0419922,0.146897817,249.0351563,0.217982872,242.0200195,43.29316974,0.828107253,0.276035751,0.173371613,0.190848377,0.604615882,0.322945291
125,6.459470684,0.280455846,52,7,75.5,285.5,28.55,764.85,0.949,10,0,0,0,0,0,0,0,0,0,0,0,0,0,0,0,0,0,0,0,0
126,5.001549821,0.65185009,52,8,131.5,247.5,24.75,742.35,0.946,10,0,0,0,0,0,0,0,0,0,0,0,0,0,0,0,0,0,0,0,0
127,7.033196982,0.50012891,52,9,59,328,32.8,717.85,0.943,10,0.053283517,0.094346385,0.5456143,-0.893432966,-0.81130723,0.091228599,236.4991016,0.319550451,219.6816406,0.101653288,294.4838867,0.304969768,241.3686523,38.49342937,0.693244201,0.2310814,0.106539566,0.188644133,1.090947331,0.462043677
128,3.741611761,0.417339793,52,10,112,153.5,15.35,808.6,0.94,10,0,0,0,0,0,0,0,0,0,0,0,0,0,0,0,0,0,0,0,0
129,8.005009919,0.671568819,52,21,64,344,34.4,704.35,0.94,10,0.146592136,0.184768284,0.712012723,-0.706815727,-0.630463432,0.424025446,228.0519002,0.616243378,267.1816406,0.201715718,284.199707,0.30398528,241.3686523,55.38783222,1.043373144,0.347791048,0.218283119,0.275129337,1.060223023,0.517878493
130,6.848150718,0.137064093,52,22,63,340.5,34.05,688.35,0.939,10,0,0.001806919,0.010493645,-1,-0.996386162,-0.979012709,319.1259615,0.591848,267.1816406,0.184581613,255.2436523,0.297586232,241.3686523,11.91527025,0.012300564,0.004100188,0,0.013183023,0.076560134,0.029914386
131,1.794217974,0,53,9,59,302.5,30.25,656.85,0.966,10,0,0,0,0,0,0,0,0,0,0,0,0,0,0,0,0,,,,
132,2.341656417,0.361417378,53,10,58,355,35.5,677.85,0.965,10,0,0,0,0,0,0,0,0,0,0,0,0,0,0,0,0,0,0,0,0
133,5.384936048,0.683530783,53,11,68,329,32.9,704.35,0.956,10,0.185901049,0,0.74939085,-0.628197902,-1,0.4987817,228.0519002,0.888685125,268.3349609,0.300325903,298.5888672,0.346241401,241.3686523,55.38783222,0.935291899,0.311763966,0.271971729,0,1.096352745,0.456108158
134,1.789134005,0.19829915,53,12,68,427.5,42.75,636.85,0.949,10,0,0,0,0,0,0,0,0,0,0,0,0,0,0,0,0,0,0,0,0
135,4.463261082,0.688310935,53,13,69,304.5,30.45,684.85,0.945,10,0.119598106,0.140481833,0.718321779,-0.760803789,-0.719036334,0.436643558,228.0519002,1,266.0244141,0.294993308,283.1699219,0.345625453,240.7172852,55.38783222,0.978401718,0.326133906,0.173755929,0.204096471,1.043600708,0.473817703
136,4.771196298,0.81644015,53,14,66.5,334,33.4,681.1,0.938,10,0.93810476,0.25946122,0.110416781,0.876209519,-0.481077561,-0.779166438,262.928223,0.93446269,266.0283203,0.234560237,283.1699219,0.370539462,240.7172852,33.57967298,1.30798276,0.435994253,1.149018406,0.317795762,0.135241733,0.534018634
137,3.043765445,0.401864143,53,15,68.5,339.5,33.95,661.85,0.933,10,0,0,0,0,0,0,0,0,0,0,0,0,0,0,0,0,0,0,0,0
138,0.446307208,0,53,16,130.5,235,23.5,68.35,0.929,10,0,0,0,0,0,0,0,0,0,0,0,0,0,0,0,0,,,,
139,3.227487756,0.740290181,53,17,65.5,338,33.8,649.35,0.926,10,0.185237054,0.084717882,0.750431048,-0.629525892,-0.830564236,0.500862096,228.0519002,1,266.0244141,0.062261513,311.9819336,0.289043747,243.3168945,55.38783222,1.020385984,0.340128661,0.250222222,0.114438749,1.013698503,0.459453158
140,3.432928419,0.583687348,53,18,63.5,344,34.4,661.6,0.922,10,0,0,0,0,0,0,0,0,0,0,0,0,0,0,0,0,0,0,0,0
141,2.905447941,0.468718873,53,19,105,149.5,14.95,637.85,0.918,10,0,0,0,0,0,0,0,0,0,0,0,0,0,0,0,0,0,0,0,0
142,6.20189688,0.668745906,53,20,59,323.5,32.35,682.35,0.917,10,0.00059986,0.095803022,0.707029082,-0.998800279,-0.808393957,0.414058165,226.8514684,1,266.0244141,0.362409469,283.1699219,0.29887234,241.3686523,52.9869687,0.803431964,0.267810655,0.000896993,0.143257732,1.057246222,0.400466982
143,3.392721709,0.44453382,53,21,57,299,29.9,646.1,0.915,10,0,0,0,0,0,0,0,0,0,0,0,0,0,0,0,0,0,0,0,0
144,0.000209729,0.30178564,54,2,62.5,292,29.2,656.1,0.91,10,0,0,0,0,0,0,0,0,0,0,0,0,0,0,0,0,0,0,0,0
145,2.085020375,0.700026596,54,4,61.5,342.5,34.25,697.35,0.913,10,0.02919399,0.094188954,0.732897751,-0.94161202,-0.811622092,0.465795502,226.8514684,0.97080601,274.0966797,0.40201991,294.4838867,0.430770284,240.7172852,52.9869687,0.856280695,0.285426898,0.041704116,0.134550537,1.046957008,0.40773722
146,1.653352582,0.067682065,54,5,66.5,336.5,33.65,690.35,0.909,10,0,0,0,0,0,0,0,0,0,0,0,0,0,0,0,0,0,0,0,0
147,1.721627667,0.264565892,54,6,69,307,30.7,693.1,0.904,10,0,0,0,0,0,0,0,0,0,0,0,0,0,0,0,0,0,0,0,0
148,1.795711548,0.260344201,54,7,61.5,352,35.2,684.35,0.899,10,0,0,0,0,0,0,0,0,0,0,0,0,0,0,0,0,0,0,0,0
149,2.737562419,0.629149256,54,8,57,401.5,40.15,708.85,0.896,10,0,0.012026253,0.714347679,-1,-0.975947494,0.428695359,224.4496111,1,267.1816406,0.46378722,284.199707,0.312276811,242.6655273,48.18325401,0.726373933,0.242124644,0,0.019115104,1.13541846,0.384844521
150,3.035990013,0.350261002,54,9,141.5,221.5,22.15,791.35,0.893,10,0,0,0,0,0,0,0,0,0,0,0,0,0,0,0,0,0,0,0,0
